{"cameraMode":{"drawMode":0,"name":"Shaded","section":"Shading Mode"},"sceneLighting":false,"audioPlay":false,"sceneViewState":{"showFog":false,"showMaterialUpdate":false,"showSkybox":false,"showFlares":false,"showImageEffects":false,"showParticleSystems":false},"in2DMode":false,"pivot":{"x":-0.10000002384185791,"y":0.38799750804901125,"z":0.017000019550323488},"rotation":{"x":-0.08851402252912522,"y":0.15386882424354554,"z":-0.01384186651557684,"w":-0.9840214252471924},"size":2.6882264614105226,"orthographic":false}