{"cameraMode":{"drawMode":0,"name":"Shaded","section":"Shading Mode"},"sceneLighting":false,"audioPlay":false,"sceneViewState":{"showFog":false,"showMaterialUpdate":false,"showSkybox":false,"showFlares":false,"showImageEffects":false,"showParticleSystems":false},"in2DMode":false,"pivot":{"x":0.4915430545806885,"y":0.7343459129333496,"z":-0.17468154430389405},"rotation":{"x":0.1019207090139389,"y":0.7023758292198181,"z":-0.10271520167589188,"w":0.6969433426856995},"size":13.937003135681153,"orthographic":false}