{"cameraMode":{"drawMode":0,"name":"Shaded","section":"Shading Mode"},"sceneLighting":false,"audioPlay":false,"sceneViewState":{"showFog":false,"showMaterialUpdate":false,"showSkybox":false,"showFlares":false,"showImageEffects":false,"showParticleSystems":false},"in2DMode":false,"pivot":{"x":-10.650938034057618,"y":1.6064703464508057,"z":0.48853492736816409},"rotation":{"x":0.1362716108560562,"y":-0.15038028359413148,"z":0.020932674407958986,"w":0.9789676666259766},"size":5.850338935852051,"orthographic":false}