{"cameraMode":{"drawMode":0,"name":"Shaded","section":"Shading Mode"},"sceneLighting":false,"audioPlay":false,"sceneViewState":{"showFog":false,"showMaterialUpdate":false,"showSkybox":false,"showFlares":false,"showImageEffects":false,"showParticleSystems":false},"in2DMode":false,"pivot":{"x":0.043260812759399417,"y":0.18408218026161195,"z":0.14709948003292085},"rotation":{"x":-0.06683479249477387,"y":0.7005932331085205,"z":-0.06619961559772492,"w":-0.7073329091072083},"size":2.4726204872131349,"orthographic":false}