{"cameraMode":{"drawMode":0,"name":"Shaded","section":"Shading Mode"},"sceneLighting":false,"audioPlay":false,"sceneViewState":{"showFog":false,"showMaterialUpdate":false,"showSkybox":false,"showFlares":false,"showImageEffects":false,"showParticleSystems":false},"in2DMode":false,"pivot":{"x":-0.16128277778625489,"y":0.8050001859664917,"z":-0.8358954191207886},"rotation":{"x":0.1934071183204651,"y":-0.40018337965011599,"z":0.08680100739002228,"w":0.891578733921051},"size":12.903220176696778,"orthographic":false}