{"cameraMode":{"drawMode":0,"name":"Shaded","section":"Shading Mode"},"sceneLighting":false,"audioPlay":false,"sceneViewState":{"showFog":false,"showMaterialUpdate":false,"showSkybox":false,"showFlares":false,"showImageEffects":false,"showParticleSystems":false},"in2DMode":false,"pivot":{"x":376.9464111328125,"y":173.61297607421876,"z":2.19183349609375},"rotation":{"x":-0.12298177182674408,"y":-0.019530028104782106,"z":0.002428772859275341,"w":-0.9922138452529907},"size":22.0,"orthographic":false}