{"cameraMode":{"drawMode":0,"name":"Shaded","section":"Shading Mode"},"sceneLighting":false,"audioPlay":false,"sceneViewState":{"showFog":false,"showMaterialUpdate":false,"showSkybox":false,"showFlares":false,"showImageEffects":false,"showParticleSystems":false},"in2DMode":false,"pivot":{"x":0.4813220500946045,"y":0.11970114707946778,"z":3.332444667816162},"rotation":{"x":-0.09767594188451767,"y":0.6959959268569946,"z":-0.09645719826221466,"w":-0.7048014998435974},"size":7.334696292877197,"orthographic":false}