{"cameraMode":{"drawMode":0,"name":"Shaded","section":"Shading Mode"},"sceneLighting":false,"audioPlay":false,"sceneViewState":{"showFog":false,"showMaterialUpdate":false,"showSkybox":false,"showFlares":false,"showImageEffects":false,"showParticleSystems":false},"in2DMode":false,"pivot":{"x":408.2702331542969,"y":244.31326293945313,"z":10.358261108398438},"rotation":{"x":-0.015309566631913185,"y":-0.0316726379096508,"z":0.000493224710226059,"w":-0.9993809461593628},"size":319.73101806640627,"orthographic":false}