{"cameraMode":{"drawMode":0,"name":"Shaded","section":"Shading Mode"},"sceneLighting":false,"audioPlay":false,"sceneViewState":{"showFog":false,"showMaterialUpdate":false,"showSkybox":false,"showFlares":false,"showImageEffects":false,"showParticleSystems":false},"in2DMode":false,"pivot":{"x":0.037628039717674258,"y":0.005000069737434387,"z":-0.07405215501785279},"rotation":{"x":0.19030877947807313,"y":0.31298452615737917,"z":-0.064164899289608,"w":0.928281307220459},"size":1.2679812908172608,"orthographic":false}