{"cameraMode":{"drawMode":0,"name":"Shaded","section":"Shading Mode"},"sceneLighting":false,"audioPlay":false,"sceneViewState":{"showFog":false,"showMaterialUpdate":false,"showSkybox":false,"showFlares":false,"showImageEffects":false,"showParticleSystems":false},"in2DMode":false,"pivot":{"x":0.3387172222137451,"y":0.8800002336502075,"z":-0.9858955144882202},"rotation":{"x":0.06197662279009819,"y":-0.05575733259320259,"z":0.0034593301825225355,"w":0.9965129494667053},"size":14.248974800109864,"orthographic":false}