{"cameraMode":{"drawMode":0,"name":"Shaded","section":"Shading Mode"},"sceneLighting":false,"audioPlay":false,"sceneViewState":{"showFog":false,"showMaterialUpdate":false,"showSkybox":false,"showFlares":false,"showImageEffects":false,"showParticleSystems":false},"in2DMode":false,"pivot":{"x":-1.8609271049499512,"y":-0.5002831220626831,"z":-6.340000152587891},"rotation":{"x":0.01054246723651886,"y":0.9893739223480225,"z":-0.09588239341974259,"w":0.1087878867983818},"size":2.1799991130828859,"orthographic":false}