{"cameraMode":{"drawMode":0,"name":"Shaded","section":"Shading Mode"},"sceneLighting":false,"audioPlay":false,"sceneViewState":{"showFog":false,"showMaterialUpdate":false,"showSkybox":false,"showFlares":false,"showImageEffects":false,"showParticleSystems":false},"in2DMode":false,"pivot":{"x":0.037628039717674258,"y":0.005000069737434387,"z":-0.07405215501785279},"rotation":{"x":0.22667784988880158,"y":0.4012642204761505,"z":-0.10318993031978607,"w":0.8814511299133301},"size":1.2679812908172608,"orthographic":false}