{"cameraMode":{"drawMode":0,"name":"Shaded","section":"Shading Mode"},"sceneLighting":false,"audioPlay":false,"sceneViewState":{"showFog":false,"showMaterialUpdate":false,"showSkybox":false,"showFlares":false,"showImageEffects":false,"showParticleSystems":false},"in2DMode":false,"pivot":{"x":297.6866760253906,"y":247.42352294921876,"z":-18.92889404296875},"rotation":{"x":0.04233216866850853,"y":0.11089237034320831,"z":-0.0047348132357001308,"w":0.9929192066192627},"size":511.24481201171877,"orthographic":false}