{"cameraMode":{"drawMode":0,"name":"Shaded","section":"Shading Mode"},"sceneLighting":false,"audioPlay":false,"sceneViewState":{"showFog":false,"showMaterialUpdate":false,"showSkybox":false,"showFlares":false,"showImageEffects":false,"showParticleSystems":false},"in2DMode":false,"pivot":{"x":-1.2999999523162842,"y":-1.3450000286102296,"z":-7.5},"rotation":{"x":-0.23190084099769593,"y":0.44449615478515627,"z":-0.12029135227203369,"w":-0.8568403124809265},"size":12.408491134643555,"orthographic":false}