{"cameraMode":{"drawMode":0,"name":"Shaded","section":"Shading Mode"},"sceneLighting":false,"audioPlay":false,"sceneViewState":{"showFog":false,"showMaterialUpdate":false,"showSkybox":false,"showFlares":false,"showImageEffects":false,"showParticleSystems":false},"in2DMode":false,"pivot":{"x":0.5042880177497864,"y":0.9383999705314636,"z":-1.1920928955078126e-7},"rotation":{"x":-0.06559446454048157,"y":0.04549717530608177,"z":-0.0029950872994959356,"w":-0.9968041181564331},"size":4.715424060821533,"orthographic":false}