{"cameraMode":{"drawMode":0,"name":"Shaded","section":"Shading Mode"},"sceneLighting":false,"audioPlay":false,"sceneViewState":{"showFog":false,"showMaterialUpdate":false,"showSkybox":false,"showFlares":false,"showImageEffects":false,"showParticleSystems":false},"in2DMode":false,"pivot":{"x":0.7799997329711914,"y":0.3626399338245392,"z":-4.554317951202393},"rotation":{"x":0.1019207090139389,"y":0.7023758292198181,"z":-0.10271520167589188,"w":0.6969433426856995},"size":24.125656127929689,"orthographic":false}