{"cameraMode":{"drawMode":0,"name":"Shaded","section":"Shading Mode"},"sceneLighting":false,"audioPlay":false,"sceneViewState":{"showFog":false,"showMaterialUpdate":false,"showSkybox":false,"showFlares":false,"showImageEffects":false,"showParticleSystems":false},"in2DMode":false,"pivot":{"x":-0.15812253952026368,"y":0.5861174464225769,"z":-0.10121297836303711},"rotation":{"x":0.003757931524887681,"y":0.9962365627288818,"z":-0.05955642834305763,"w":0.06286201626062393},"size":2.544745683670044,"orthographic":false}