{"cameraMode":{"drawMode":0,"name":"Shaded","section":"Shading Mode"},"sceneLighting":true,"audioPlay":false,"sceneViewState":{"showFog":false,"showMaterialUpdate":false,"showSkybox":false,"showFlares":false,"showImageEffects":false,"showParticleSystems":false},"in2DMode":false,"pivot":{"x":28.997047424316408,"y":7.39301872253418,"z":-73.68606567382813},"rotation":{"x":-0.3342381715774536,"y":-0.10252480208873749,"z":0.03661289066076279,"w":-0.936180055141449},"size":414.8670959472656,"orthographic":false}