{"cameraMode":{"drawMode":0,"name":"Shaded","section":"Shading Mode"},"sceneLighting":false,"audioPlay":false,"sceneViewState":{"showFog":false,"showMaterialUpdate":false,"showSkybox":false,"showFlares":false,"showImageEffects":false,"showParticleSystems":false},"in2DMode":false,"pivot":{"x":0.4039994478225708,"y":-5.729233741760254,"z":-6.730000019073486},"rotation":{"x":0.1019207090139389,"y":0.7023758292198181,"z":-0.10271520167589188,"w":0.6969433426856995},"size":8.922709465026856,"orthographic":false}